Employee_ID,Name,Address,Department
1000,Jason Brown,"02907 Jenkins Fort Suite 672, Smithside, FL 57896",Marketing
1001,Scott Baker,"563 Lee Fort, Rogerville, CA 44492",IT
1002,Cory Cooper,"7561 Lester Points Apt. 140, East Katelynland, NC 75965",HR
1003,Joshua Peterson,"841 Elizabeth Radial, Fishershire, WY 73934",IT
1004,Logan Simon,"3829 Bennett Hills Suite 035, Alexandratown, MP 38729",Sales
1005,Dean Welch,"33581 Goodwin Islands, Lake Jeffreyshire, RI 15330",Marketing
1006,Christian Miller,"412 Ruiz Plains, Millerburgh, MP 75631",IT
1007,Meghan Yu,"281 Garcia Passage, West Christopherview, FM 01797",IT
1008,Howard Foster,"56209 Rosales Lane Apt. 564, Port Johnville, MI 84557",Sales
1009,Tyler Myers,"374 Thomas Extension Suite 711, Nicolebury, HI 93718",Operations
1010,Leslie Salazar,"08626 Andrew Wall Suite 480, Port Jenniferfort, TX 91853",IT
1011,Dylan Lynch,"99709 Ali Court, Port Christopher, AL 59703",HR
1012,Barbara Guzman,"22489 Darryl Run Suite 548, Lake Mark, NV 22124",Marketing
1013,William Brown,"658 Moore Manors, Williamsborough, WA 25563",HR
1014,John Gilbert,"514 Hart Courts Apt. 419, Cherryside, MP 61790",Operations
1015,Courtney Parker,"412 Todd Corner, West Jasontown, KY 88347",Sales
1016,Luke Smith,"1412 Jennifer Dale Suite 713, Rodgersville, IL 32699",HR
1017,Derek Mack,"1229 Davies Curve Apt. 417, South Richardberg, ND 61336",HR
1018,Nathan Griffin,"1977 Lee Via, South Felicia, FL 04051",HR
1019,Sheila Howard,"834 Cook Dale, Jorgeside, NH 33878",Sales
1020,Candace Lee PhD,"06810 Brett Lodge Apt. 181, Kevinview, WI 50667",HR
1021,Terry Hart,"669 Mccullough Trail, Lake Jamestown, OH 72422",IT
1022,Michael Watkins,"1098 Robert Centers, Lake Anthony, LA 70175",IT
1023,Brian Peterson,"836 Wesley Mountains, Lake Jorge, MN 06161",Operations
1024,Kayla Anderson,"913 Miller Alley, West Lindseychester, WV 96815",Sales
1025,Nicholas Young,"6673 James Wall Suite 436, West Kathrynville, IN 91577",HR
1026,Bridget Randall,"326 William Street, East Michaelbury, TX 67252",Sales
1027,Christina Adams,"4022 Boyle Shoal Apt. 032, East Jamie, NY 14638",Marketing
1028,Kimberly Brooks DDS,"929 Garcia Camp, New Christopher, OK 59278",Operations
1029,Janice Henry,"787 Soto River, New Joshua, DC 45857",Sales
1030,Harry Evans,"0514 Shawna Crossing Apt. 451, Lake Angela, DC 92488",Operations
1031,Raymond Williams,"72012 Johnson Station, Lindseyton, ME 43608",Marketing
1032,Amanda Neal,"732 Joshua Springs Apt. 495, Lake Victor, DE 13659",HR
1033,Lee Ortiz,"77478 Avila Port Suite 086, Port Melanieborough, WV 49961",Sales
1034,Heather Campbell,"520 Cooper Meadow Suite 576, Lake Robertmouth, RI 00749",Operations
1035,Belinda Carrillo,"USCGC Sharp, FPO AP 81758",HR
1036,Erica Bautista,"USCGC Jones, FPO AA 85308",Sales
1037,Christine Gomez,"6273 Scott Pike Apt. 914, Wendyhaven, ME 56008",Marketing
1038,Scott Garcia,"36862 Villanueva Cove, Melvinfort, LA 23352",Sales
1039,Anne Wagner,"900 Nicholas Street Apt. 335, Johnsonstad, NJ 88823",Marketing
1040,Matthew Henson,"4120 Mary Skyway, Port Paul, MO 60762",HR
1041,Kristina Jackson,"PSC 2047, Box 9640, APO AE 79714",HR
1042,Spencer Ruiz,"88470 Perry Ways Suite 942, East Alicia, NC 15161",IT
1043,Alex Pittman,"492 Moore Rue Apt. 842, Hensonborough, MH 80908",IT
1044,Matthew Hanna,"6036 Margaret Pass, Parkerbury, SD 83624",Marketing
1045,Anthony Bailey,"02549 Ferguson Lane Apt. 110, Ericstad, MH 36070",Marketing
1046,Cassandra Boyd,"Unit 5226 Box 7257, DPO AA 83962",Operations
1047,Mark Gonzalez,"767 Maria Ford, Lake Melanie, WI 01556",Sales
1048,Carolyn Simon,"0036 Zachary Lock Apt. 582, Port Angel, DC 45765",Sales
1049,Sean Choi,"5450 Pedro Trail Apt. 119, Scottfort, VI 88868",Marketing
