Transaction_ID,Date,Amount,Employee_ID,Vendor_ID,Category
50759,2023-01-01,3245.21,1049,2063,Services
50937,2023-01-02,1752.58,1036,2039,Services
50508,2023-01-02,1953.32,1000,2031,Travel
50025,2023-01-03,3111.09,1019,2006,Supplies
50858,2023-01-04,2101.53,1043,2036,Meals
50066,2023-01-04,2059.98,1043,2060,Supplies
50415,2023-01-04,4052.37,1020,2094,Meals
50298,2023-01-05,3649.6,1014,2090,Supplies
50068,2023-01-05,3199.68,1015,2059,Travel
50038,2023-01-06,1093.42,1001,2072,Services
50804,2023-01-06,1862.82,1016,2045,Supplies
50414,2023-01-06,3743.83,1047,2049,Meals
50429,2023-01-07,1117.14,1003,2097,Software
50524,2023-01-07,2617.01,1029,2041,Travel
50188,2023-01-08,603.84,1038,2006,Supplies
50301,2023-01-09,1011.09,1042,2063,Meals
50245,2023-01-09,137.16,1003,2042,Meals
50683,2023-01-10,4001.03,1024,2095,Travel
50587,2023-01-11,1922.87,1010,2012,Meals
50445,2023-01-11,2206.15,1019,2024,Software
50840,2023-01-11,55.38,1035,2081,Software
50776,2023-01-12,4339.3,1043,2079,Supplies
50353,2023-01-12,4028.8,1048,2034,Meals
50894,2023-01-12,117.91,1009,2090,Meals
50603,2023-01-12,1216.15,1045,2040,Services
50305,2023-01-13,2402.79,1011,2098,Services
50055,2023-01-13,2774.73,1022,2062,Software
50335,2023-01-13,943.64,1038,2027,Travel
50868,2023-01-13,3532.18,1028,2092,Software
50021,2023-01-13,2860.12,1026,2065,Travel
50480,2023-01-13,2987.3,1018,2046,Travel
50169,2023-01-14,1127.73,1033,2099,Supplies
50112,2023-01-14,2894.66,1025,2063,Services
50091,2023-01-15,1248.06,1014,2086,Meals
50422,2023-01-15,700.47,1005,2066,Services
50364,2023-01-16,325.19,1011,2039,Software
50217,2023-01-16,3069.29,1004,2029,Services
50744,2023-01-16,2642.92,1042,2035,Meals
50647,2023-01-16,3060.65,1025,2042,Services
50760,2023-01-17,1983.86,1005,2010,Services
50565,2023-01-17,752.82,1007,2010,Meals
50132,2023-01-17,3546.86,1020,2041,Software
50854,2023-01-17,52.76,1039,2056,Supplies
50399,2023-01-18,383.67,1006,2092,Travel
50706,2023-01-18,1777.94,1005,2035,Software
50195,2023-01-19,4046.78,1030,2048,Travel
50327,2023-01-19,4061.89,1018,2013,Supplies
50655,2023-01-19,2460.16,1007,2051,Meals
50539,2023-01-19,3827.26,1035,2089,Software
50809,2023-01-20,289.87,1049,2094,Meals
50477,2023-01-20,3614.92,1020,2022,Meals
50622,2023-01-20,4105.26,1022,2070,Software
50318,2023-01-20,4178.02,1001,2086,Supplies
50611,2023-01-21,3639.7,1036,2012,Services
50482,2023-01-22,3619.96,1044,2032,Travel
50088,2023-01-22,3337.61,1016,2044,Travel
50660,2023-01-22,4241.03,1029,2012,Software
50022,2023-01-23,1017.21,1001,2055,Supplies
50005,2023-01-23,325.36,1016,2083,Services
50047,2023-01-23,1788.88,1002,2076,Supplies
50351,2023-01-23,739.06,1035,2080,Supplies
50145,2023-01-23,2775.2,1042,2012,Software
50876,2023-01-24,2084.87,1034,2017,Meals
50286,2023-01-24,2363.75,1013,2085,Services
50114,2023-01-24,2384.79,1031,2071,Supplies
50246,2023-01-24,1011.2,1001,2018,Supplies
50727,2023-01-24,2048.07,1044,2024,Meals
50122,2023-01-24,4371.64,1049,2080,Travel
50475,2023-01-25,3382.17,1018,2095,Travel
50761,2023-01-25,752.83,1001,2019,Software
50379,2023-01-25,657.23,1030,2009,Supplies
50724,2023-01-26,206.45,1035,2070,Travel
50574,2023-01-26,2626.15,1046,2091,Meals
50405,2023-01-26,910.48,1015,2091,Software
50553,2023-01-26,3215.73,1021,2084,Travel
50123,2023-01-27,454.75,1043,2038,Travel
50733,2023-01-27,1569.5,1045,2036,Travel
50499,2023-01-27,3403.86,1002,2092,Supplies
50923,2023-01-27,2717.47,1024,2039,Meals
50716,2023-01-29,1555.95,1016,2011,Services
50438,2023-01-29,2208.89,1036,2024,Software
50075,2023-01-30,2405.47,1026,2004,Supplies
50014,2023-01-31,1302.41,1032,2065,Services
50257,2023-01-31,1355.44,1042,2025,Meals
50281,2023-01-31,253.85,1043,2019,Travel
50680,2023-01-31,2808.3,1037,2041,Meals
50329,2023-01-31,962.55,1003,2023,Software
50807,2023-01-31,2932.18,1036,2084,Meals
50982,2023-02-01,3351.55,1002,2047,Supplies
50602,2023-02-01,3672.47,1011,2061,Software
50141,2023-02-02,1068.36,1039,2076,Software
50978,2023-02-02,2378.48,1001,2051,Services
50844,2023-02-03,1260.32,1044,2032,Supplies
50060,2023-02-03,3521.29,1049,2090,Meals
50893,2023-02-04,2433.88,1018,2002,Supplies
50030,2023-02-05,3565.08,1012,2013,Meals
50006,2023-02-05,2403.12,1044,2069,Travel
50341,2023-02-06,3596.67,1024,2087,Services
50576,2023-02-06,1274.28,1002,2063,Services
50483,2023-02-06,2044.32,1003,2037,Software
50450,2023-02-07,3502.82,1016,2014,Services
50585,2023-02-07,2834.82,1034,2073,Travel
50492,2023-02-08,739.29,1029,2028,Services
50586,2023-02-08,3331.63,1009,2094,Travel
50296,2023-02-08,3740.44,1028,2024,Supplies
50914,2023-02-08,1411.17,1019,2024,Software
50537,2023-02-09,1176.49,1036,2011,Meals
50194,2023-02-09,2210.77,1020,2092,Supplies
50855,2023-02-09,671.98,1019,2031,Software
50090,2023-02-09,1639.88,1038,2091,Travel
50961,2023-02-09,3644.69,1011,2001,Meals
50361,2023-02-10,3576.78,1001,2040,Travel
50063,2023-02-10,627.36,1022,2008,Software
50549,2023-02-10,3835.72,1039,2046,Supplies
50028,2023-02-11,421.57,1020,2062,Services
50269,2023-02-11,3789.58,1014,2071,Travel
50907,2023-02-11,4277.6,1002,2004,Supplies
50521,2023-02-12,1726.73,1015,2027,Software
50340,2023-02-12,2403.54,1004,2042,Travel
50943,2023-02-12,4474.86,1047,2075,Software
50460,2023-02-12,1157.0,1031,2027,Software
50363,2023-02-12,2648.56,1003,2063,Supplies
50160,2023-02-12,1701.36,1016,2012,Software
50443,2023-02-12,3541.62,1004,2068,Supplies
50251,2023-02-13,859.06,1047,2077,Software
50838,2023-02-13,184.32,1022,2055,Services
50032,2023-02-13,4114.4,1020,2066,Supplies
50566,2023-02-14,1204.38,1023,2022,Services
50604,2023-02-14,1028.12,1012,2087,Software
50993,2023-02-16,4493.29,1042,2083,Travel
50360,2023-02-16,4121.38,1044,2073,Travel
50552,2023-02-16,2312.29,1007,2017,Software
50890,2023-02-17,3061.88,1021,2080,Meals
50617,2023-02-18,2602.19,1047,2051,Services
50441,2023-02-18,1438.55,1047,2013,Meals
50004,2023-02-19,3406.31,1034,2032,Services
50386,2023-02-19,3147.19,1000,2045,Travel
50973,2023-02-19,2320.71,1001,2083,Software
50916,2023-02-19,4212.77,1042,2056,Supplies
50751,2023-02-20,4385.91,1008,2044,Travel
50036,2023-02-20,3297.33,1017,2047,Software
50148,2023-02-20,1004.06,1009,2059,Travel
50835,2023-02-21,1724.87,1013,2075,Software
50955,2023-02-21,3679.58,1004,2065,Services
50084,2023-02-21,2764.27,1033,2015,Services
50037,2023-02-22,1592.96,1045,2031,Services
50437,2023-02-22,2882.53,1045,2040,Supplies
50140,2023-02-22,1563.23,1030,2014,Travel
50239,2023-02-23,2953.75,1023,2050,Services
50977,2023-02-23,2304.47,1003,2031,Supplies
50975,2023-02-23,3513.8,1002,2012,Software
50626,2023-02-24,2528.53,1044,2063,Travel
50373,2023-02-24,4126.5,1003,2067,Software
50171,2023-02-25,4455.56,1035,2031,Software
50307,2023-02-25,686.32,1016,2042,Meals
50218,2023-02-25,1946.55,1043,2090,Services
50925,2023-02-26,3158.27,1049,2017,Travel
50578,2023-02-26,1711.13,1006,2013,Supplies
50570,2023-02-26,67.6,1002,2097,Services
50700,2023-02-27,3727.56,1019,2031,Travel
50579,2023-02-27,1497.61,1031,2049,Meals
50966,2023-02-27,1735.36,1024,2052,Meals
50662,2023-02-27,3683.22,1000,2011,Supplies
50268,2023-02-27,1485.35,1020,2098,Travel
50158,2023-02-28,1076.09,1019,2026,Meals
50147,2023-02-28,654.5,1036,2024,Software
50619,2023-02-28,2284.64,1021,2068,Supplies
50820,2023-03-01,4191.66,1009,2075,Supplies
50387,2023-03-01,849.71,1007,2094,Services
50071,2023-03-01,3809.52,1015,2063,Services
50684,2023-03-01,1077.73,1039,2054,Software
50849,2023-03-02,1397.14,1004,2025,Software
50780,2023-03-03,2247.5,1043,2023,Services
50085,2023-03-03,2731.62,1011,2077,Supplies
50067,2023-03-03,1201.67,1048,2048,Meals
50109,2023-03-03,2713.78,1034,2071,Meals
50205,2023-03-03,496.75,1007,2038,Travel
50880,2023-03-05,3795.29,1042,2003,Supplies
50675,2023-03-06,3418.91,1023,2023,Services
50723,2023-03-06,2370.62,1027,2021,Travel
50290,2023-03-07,671.29,1003,2038,Meals
50996,2023-03-07,1990.77,1014,2092,Travel
50628,2023-03-07,3078.97,1047,2024,Services
50941,2023-03-07,2010.19,1044,2080,Supplies
50104,2023-03-08,139.55,1023,2059,Travel
50407,2023-03-08,337.05,1000,2095,Travel
50691,2023-03-09,3745.69,1028,2068,Supplies
50979,2023-03-09,2891.96,1010,2085,Supplies
50653,2023-03-09,3264.67,1046,2063,Supplies
50403,2023-03-11,1588.58,1024,2083,Travel
50167,2023-03-11,800.21,1013,2049,Software
50183,2023-03-13,2735.54,1004,2003,Supplies
50317,2023-03-13,2483.35,1023,2088,Software
50736,2023-03-13,2373.92,1008,2076,Supplies
50297,2023-03-15,2851.37,1016,2012,Services
50936,2023-03-16,4336.96,1047,2060,Software
50204,2023-03-16,3360.98,1033,2049,Supplies
50457,2023-03-16,2002.87,1035,2039,Services
50677,2023-03-16,390.95,1037,2036,Software
50186,2023-03-16,1961.36,1001,2057,Travel
50434,2023-03-17,3449.15,1022,2056,Travel
50561,2023-03-17,4397.98,1048,2099,Software
50159,2023-03-17,2110.63,1015,2026,Travel
50912,2023-03-17,4311.95,1010,2015,Travel
50870,2023-03-18,1500.32,1001,2004,Travel
50921,2023-03-18,1672.63,1046,2009,Meals
50179,2023-03-18,4298.91,1021,2060,Meals
50102,2023-03-18,3336.97,1040,2012,Software
50392,2023-03-19,2067.0,1037,2022,Travel
50095,2023-03-19,516.61,1049,2078,Supplies
50325,2023-03-20,703.51,1040,2096,Meals
50287,2023-03-21,1856.26,1016,2046,Services
50910,2023-03-21,4246.7,1044,2014,Supplies
50676,2023-03-22,1998.83,1009,2033,Services
50608,2023-03-22,2666.67,1011,2077,Travel
50550,2023-03-23,2734.17,1012,2025,Travel
50073,2023-03-23,3372.6,1046,2064,Software
50435,2023-03-23,4414.59,1047,2089,Software
50765,2023-03-23,3832.77,1014,2057,Meals
50702,2023-03-24,3743.83,1019,2017,Services
50595,2023-03-24,1953.65,1039,2089,Travel
50196,2023-03-24,2144.09,1046,2045,Services
50827,2023-03-24,1118.0,1026,2048,Software
50041,2023-03-25,323.27,1023,2065,Software
50685,2023-03-25,4112.42,1024,2050,Meals
50502,2023-03-25,2549.19,1012,2041,Travel
50129,2023-03-26,4313.39,1017,2043,Meals
50345,2023-03-26,3675.04,1021,2080,Services
50376,2023-03-26,3734.56,1041,2069,Services
50821,2023-03-26,516.64,1000,2052,Meals
50272,2023-03-26,1438.25,1006,2087,Travel
50643,2023-03-26,1471.46,1044,2054,Travel
50640,2023-03-26,2815.95,1041,2089,Meals
50847,2023-03-27,2236.21,1022,2095,Services
50729,2023-03-27,538.49,1027,2095,Services
50256,2023-03-27,1521.71,1046,2018,Supplies
50500,2023-03-28,2684.51,1027,2015,Services
50348,2023-03-29,1233.24,1000,2072,Supplies
50584,2023-03-29,392.75,1018,2037,Meals
50089,2023-03-30,2106.61,1027,2017,Travel
50926,2023-03-30,768.96,1043,2076,Services
50888,2023-03-30,1520.3,1017,2000,Services
50213,2023-03-30,891.88,1007,2043,Meals
50517,2023-03-30,1522.16,1021,2035,Services
50454,2023-03-31,970.57,1013,2052,Travel
50664,2023-03-31,1074.22,1040,2013,Meals
50238,2023-04-01,1471.54,1045,2088,Services
50696,2023-04-01,1466.16,1045,2063,Supplies
50497,2023-04-01,3802.77,1014,2043,Software
50872,2023-04-01,3584.24,1008,2064,Supplies
50174,2023-04-01,2799.24,1030,2055,Software
50778,2023-04-01,3054.87,1038,2099,Services
50616,2023-04-02,4127.51,1031,2056,Software
50839,2023-04-02,320.63,1048,2057,Services
50316,2023-04-02,706.15,1018,2014,Supplies
50050,2023-04-02,2155.25,1029,2080,Supplies
50971,2023-04-03,3443.13,1012,2082,Software
50589,2023-04-03,4352.22,1048,2005,Supplies
50597,2023-04-03,2026.54,1043,2006,Supplies
50069,2023-04-04,4151.4,1034,2087,Services
50738,2023-04-04,4495.63,1035,2003,Meals
50504,2023-04-04,396.16,1038,2095,Travel
50283,2023-04-05,3879.48,1038,2078,Services
50396,2023-04-05,708.07,1043,2031,Supplies
50303,2023-04-05,1577.99,1035,2055,Supplies
50990,2023-04-05,3523.94,1003,2089,Supplies
50468,2023-04-06,529.08,1007,2011,Meals
50369,2023-04-06,3469.67,1027,2020,Supplies
50054,2023-04-06,3214.81,1040,2066,Software
50694,2023-04-06,162.35,1032,2026,Travel
50278,2023-04-07,1802.39,1047,2061,Software
50018,2023-04-07,1532.17,1023,2005,Services
50237,2023-04-07,1805.5,1047,2025,Meals
50506,2023-04-08,3071.4,1011,2012,Supplies
50142,2023-04-09,1803.62,1049,2063,Supplies
50185,2023-04-09,1385.71,1034,2055,Supplies
50728,2023-04-09,4489.37,1044,2029,Travel
50080,2023-04-10,361.51,1017,2035,Software
50545,2023-04-10,998.4,1006,2047,Travel
50747,2023-04-10,3692.98,1018,2016,Travel
50902,2023-04-11,3053.45,1034,2073,Services
50770,2023-04-11,3132.24,1004,2025,Services
50165,2023-04-11,1657.76,1020,2043,Services
50452,2023-04-11,202.02,1040,2099,Supplies
50155,2023-04-11,933.79,1038,2022,Meals
50707,2023-04-12,554.61,1040,2089,Supplies
50027,2023-04-13,407.63,1027,2021,Travel
50661,2023-04-13,1040.81,1003,2002,Meals
50334,2023-04-13,901.59,1041,2064,Services
50250,2023-04-15,235.46,1042,2035,Services
50029,2023-04-15,3307.22,1011,2080,Services
50430,2023-04-16,3467.45,1030,2021,Software
50170,2023-04-17,962.33,1022,2056,Software
50098,2023-04-17,1143.18,1001,2059,Supplies
50625,2023-04-17,2450.95,1045,2014,Supplies
50621,2023-04-17,2621.82,1049,2099,Services
50965,2023-04-18,2264.88,1003,2093,Software
50610,2023-04-18,3203.51,1040,2047,Services
50862,2023-04-18,3680.5,1013,2094,Software
50772,2023-04-19,2855.85,1002,2040,Supplies
50703,2023-04-20,266.3,1047,2056,Software
50302,2023-04-20,2353.04,1048,2021,Meals
50201,2023-04-21,881.46,1005,2074,Services
50911,2023-04-21,758.0,1042,2005,Travel
50252,2023-04-21,3782.53,1003,2019,Software
50267,2023-04-21,2385.56,1028,2067,Software
50116,2023-04-22,641.34,1037,2071,Services
50974,2023-04-22,586.34,1010,2018,Meals
50711,2023-04-23,2367.3,1028,2082,Software
50087,2023-04-24,526.1,1018,2069,Meals
50698,2023-04-24,405.79,1000,2057,Supplies
50479,2023-04-25,2729.14,1020,2025,Software
50322,2023-04-25,3878.19,1029,2080,Software
50822,2023-04-25,174.52,1009,2014,Software
50984,2023-04-26,2963.06,1031,2093,Services
50985,2023-04-26,1312.04,1042,2074,Software
50176,2023-04-26,2658.85,1031,2072,Software
50755,2023-04-27,744.29,1039,2048,Services
50300,2023-04-28,2096.22,1016,2044,Travel
50546,2023-04-29,1620.37,1005,2030,Software
50453,2023-04-29,3709.45,1016,2017,Services
50163,2023-04-29,1598.97,1047,2014,Supplies
50161,2023-04-30,878.45,1030,2008,Travel
50428,2023-04-30,2149.06,1037,2002,Supplies
50885,2023-04-30,760.09,1016,2076,Meals
50015,2023-05-01,2432.95,1035,2053,Software
50458,2023-05-01,1602.76,1043,2073,Software
50043,2023-05-01,3336.82,1005,2085,Services
50365,2023-05-01,176.74,1036,2073,Travel
50637,2023-05-01,2197.41,1042,2089,Software
50818,2023-05-02,3770.6,1047,2054,Supplies
50152,2023-05-02,841.63,1043,2008,Services
50151,2023-05-02,3343.42,1002,2086,Meals
50612,2023-05-02,2005.94,1031,2013,Services
50896,2023-05-02,1744.02,1046,2084,Services
50920,2023-05-02,2899.22,1000,2079,Supplies
50359,2023-05-03,1462.19,1048,2081,Software
50058,2023-05-03,138.93,1020,2015,Services
50845,2023-05-03,1261.7,1025,2075,Services
50093,2023-05-03,2290.22,1033,2090,Services
50230,2023-05-04,3665.8,1016,2091,Meals
50311,2023-05-04,589.14,1039,2022,Software
50045,2023-05-04,152.67,1046,2042,Travel
50119,2023-05-04,3656.65,1021,2062,Services
50980,2023-05-05,1669.3,1016,2066,Software
50470,2023-05-05,3692.54,1028,2084,Supplies
50995,2023-05-05,1539.4,1036,2031,Travel
50358,2023-05-06,2494.54,1035,2003,Supplies
50425,2023-05-06,3134.39,1045,2043,Services
50000,2023-05-06,3106.72,1044,2036,Services
50994,2023-05-06,180.89,1001,2056,Services
50905,2023-05-06,3350.36,1002,2088,Meals
50717,2023-05-06,3274.43,1035,2012,Travel
50867,2023-05-06,3612.2,1005,2031,Services
50270,2023-05-06,2922.99,1000,2092,Meals
50918,2023-05-07,1088.98,1030,2078,Services
50294,2023-05-07,619.72,1038,2062,Supplies
50446,2023-05-08,148.02,1031,2088,Supplies
50789,2023-05-09,3197.99,1001,2024,Supplies
50115,2023-05-09,2895.78,1031,2058,Services
50924,2023-05-10,514.65,1010,2085,Supplies
50427,2023-05-10,1620.36,1004,2033,Meals
50904,2023-05-11,4396.86,1036,2021,Software
50719,2023-05-11,1247.53,1045,2078,Software
50981,2023-05-11,986.11,1016,2003,Travel
50259,2023-05-11,231.38,1043,2088,Supplies
50944,2023-05-11,1926.44,1011,2007,Supplies
50881,2023-05-11,1330.48,1036,2051,Travel
50787,2023-05-12,564.58,1015,2009,Services
50473,2023-05-13,3565.36,1038,2065,Services
50231,2023-05-13,2469.7,1005,2095,Travel
50766,2023-05-14,4286.61,1026,2097,Services
50848,2023-05-14,3483.97,1015,2011,Travel
50401,2023-05-14,2679.75,1049,2017,Travel
50782,2023-05-15,1191.64,1049,2067,Meals
50149,2023-05-15,4104.86,1025,2098,Travel
50946,2023-05-16,3886.73,1002,2014,Services
50099,2023-05-16,3488.6,1005,2075,Software
50864,2023-05-16,3468.51,1042,2066,Meals
50451,2023-05-17,3020.67,1019,2087,Meals
50986,2023-05-17,737.72,1040,2050,Travel
50606,2023-05-17,4274.31,1034,2030,Travel
50915,2023-05-17,1349.51,1009,2022,Software
50697,2023-05-18,4367.98,1007,2007,Supplies
50053,2023-05-18,3978.12,1033,2048,Supplies
50535,2023-05-18,3357.74,1033,2008,Meals
50469,2023-05-19,1671.72,1045,2015,Software
50189,2023-05-19,1445.68,1043,2058,Travel
50968,2023-05-20,4244.93,1016,2092,Services
50895,2023-05-20,597.9,1040,2085,Services
50752,2023-05-20,4203.85,1019,2040,Meals
50277,2023-05-21,3257.2,1034,2072,Travel
50059,2023-05-21,2349.5,1041,2036,Travel
50485,2023-05-21,3780.34,1001,2021,Meals
50613,2023-05-21,1506.24,1036,2003,Meals
50498,2023-05-21,646.74,1045,2009,Software
50650,2023-05-21,2267.86,1038,2062,Supplies
50541,2023-05-22,341.23,1029,2038,Services
50836,2023-05-22,4470.49,1023,2011,Services
50631,2023-05-23,4268.65,1032,2042,Software
50594,2023-05-23,4015.05,1029,2091,Meals
50010,2023-05-23,3623.05,1005,2090,Travel
50083,2023-05-23,1195.74,1014,2085,Services
50634,2023-05-25,3250.45,1023,2061,Services
50599,2023-05-25,429.88,1021,2057,Supplies
50326,2023-05-26,2965.93,1006,2036,Supplies
50215,2023-05-26,3217.37,1008,2086,Services
50241,2023-05-27,3893.95,1013,2061,Travel
50156,2023-05-27,997.11,1047,2095,Meals
50264,2023-05-27,2112.5,1047,2049,Meals
50378,2023-05-28,408.09,1039,2080,Software
50705,2023-05-28,3166.86,1041,2066,Services
50370,2023-05-28,2483.41,1037,2020,Travel
50383,2023-05-28,2454.05,1023,2010,Supplies
50101,2023-05-28,3635.1,1008,2049,Supplies
50062,2023-05-28,3812.95,1046,2027,Services
50673,2023-05-29,1279.85,1016,2037,Software
50947,2023-05-29,1185.35,1013,2087,Services
50393,2023-05-29,3774.7,1036,2029,Travel
50816,2023-05-29,2537.73,1013,2082,Meals
50222,2023-05-30,3475.48,1008,2096,Travel
50448,2023-05-30,3279.53,1006,2068,Travel
50020,2023-05-30,1853.92,1015,2089,Services
50846,2023-05-30,1422.16,1030,2092,Supplies
50901,2023-05-30,2205.37,1009,2069,Travel
50939,2023-05-30,2975.2,1003,2047,Travel
50532,2023-05-31,4433.7,1035,2026,Travel
50735,2023-06-01,2192.87,1045,2057,Services
50127,2023-06-01,3257.94,1022,2060,Supplies
50243,2023-06-02,3582.97,1006,2061,Software
50372,2023-06-02,2624.04,1008,2047,Supplies
50409,2023-06-02,821.06,1002,2067,Supplies
50646,2023-06-02,780.89,1046,2089,Travel
50003,2023-06-03,4057.78,1007,2053,Software
50234,2023-06-03,1934.54,1017,2083,Travel
50416,2023-06-03,3357.81,1019,2023,Software
50065,2023-06-03,470.66,1027,2035,Travel
50757,2023-06-04,4246.3,1006,2011,Travel
50381,2023-06-04,863.74,1016,2032,Travel
50850,2023-06-04,1288.56,1039,2053,Supplies
50534,2023-06-05,573.85,1037,2077,Travel
50530,2023-06-06,4044.12,1015,2017,Software
50507,2023-06-06,1167.02,1000,2032,Supplies
50040,2023-06-07,404.66,1008,2065,Meals
50837,2023-06-07,3741.9,1003,2039,Software
50957,2023-06-08,3584.41,1034,2093,Meals
50135,2023-06-09,575.08,1001,2001,Travel
50812,2023-06-09,162.81,1026,2032,Services
50654,2023-06-10,4114.42,1049,2005,Travel
50940,2023-06-10,4134.84,1028,2025,Supplies
50522,2023-06-11,3606.82,1027,2073,Meals
50516,2023-06-11,3806.86,1016,2096,Software
50042,2023-06-11,3837.6,1049,2081,Meals
50734,2023-06-11,2491.6,1017,2045,Meals
50395,2023-06-11,3131.16,1017,2013,Supplies
50709,2023-06-11,2367.13,1039,2034,Meals
50323,2023-06-12,2919.17,1027,2057,Meals
50740,2023-06-12,3692.64,1033,2030,Software
50786,2023-06-12,3586.45,1027,2097,Software
50671,2023-06-13,995.48,1017,2046,Supplies
50913,2023-06-13,1550.48,1007,2003,Supplies
50749,2023-06-14,2182.7,1003,2016,Services
50577,2023-06-14,2271.45,1016,2064,Services
50464,2023-06-14,1858.09,1005,2082,Services
50072,2023-06-15,1188.73,1006,2092,Software
51000,2023-06-15,4500.0,1010,2020,Consulting
50082,2023-06-15,2662.8,1004,2053,Travel
51001,2023-06-15,4500.0,1010,2020,Consulting
50742,2023-06-16,3918.54,1028,2027,Meals
50679,2023-06-16,2608.58,1022,2027,Meals
50120,2023-06-16,3488.49,1047,2004,Travel
50023,2023-06-17,2535.38,1045,2016,Software
50463,2023-06-17,916.72,1010,2075,Software
50357,2023-06-18,1804.64,1016,2023,Services
50017,2023-06-18,2966.66,1019,2072,Travel
50922,2023-06-18,239.86,1040,2038,Services
50384,2023-06-19,460.01,1041,2089,Meals
50874,2023-06-19,1804.85,1048,2033,Supplies
50471,2023-06-19,2225.15,1045,2044,Services
50421,2023-06-19,3363.94,1031,2077,Supplies
50713,2023-06-20,1606.14,1012,2009,Travel
50397,2023-06-20,4460.78,1023,2090,Supplies
50884,2023-06-20,1815.93,1042,2053,Travel
50423,2023-06-20,3895.12,1028,2074,Meals
50309,2023-06-20,3427.36,1015,2015,Supplies
50933,2023-06-20,3551.71,1048,2048,Software
50505,2023-06-22,1275.43,1031,2059,Supplies
50758,2023-06-22,4070.47,1035,2070,Meals
50620,2023-06-22,3256.51,1043,2072,Software
50775,2023-06-23,3488.16,1020,2017,Meals
50282,2023-06-23,3824.94,1020,2001,Travel
50331,2023-06-23,143.23,1016,2061,Services
50419,2023-06-23,4051.09,1010,2041,Services
50799,2023-06-24,3915.77,1000,2081,Services
50879,2023-06-25,4472.42,1019,2002,Software
50967,2023-06-25,439.02,1016,2077,Services
50731,2023-06-25,2433.33,1044,2046,Meals
50240,2023-06-26,2646.38,1039,2043,Meals
50308,2023-06-26,4269.18,1008,2039,Services
50412,2023-06-26,81.3,1025,2081,Supplies
50932,2023-06-26,3322.75,1004,2025,Services
50184,2023-06-27,501.09,1030,2050,Services
50593,2023-06-27,1690.55,1036,2089,Supplies
50484,2023-06-28,1862.59,1018,2071,Services
50754,2023-06-28,4092.98,1039,2001,Services
50444,2023-06-28,3963.0,1024,2059,Services
50762,2023-06-29,4011.24,1040,2097,Software
50531,2023-06-29,2932.05,1035,2013,Services
50478,2023-06-29,4263.78,1049,2055,Services
50228,2023-06-30,447.79,1049,2051,Services
50247,2023-06-30,3464.6,1030,2094,Travel
50942,2023-06-30,1986.11,1046,2002,Software
50592,2023-06-30,1854.96,1033,2011,Services
50168,2023-07-01,4214.55,1006,2039,Travel
50390,2023-07-01,4364.43,1021,2025,Software
50591,2023-07-01,2111.96,1007,2085,Software
50898,2023-07-02,766.89,1016,2021,Meals
51002,2023-07-02,3800.0,1002,2005,Meals
50150,2023-07-02,3648.03,1003,2080,Meals
50233,2023-07-02,4479.86,1006,2036,Software
50962,2023-07-03,149.75,1024,2071,Services
50113,2023-07-03,1759.26,1044,2007,Supplies
50525,2023-07-03,2804.37,1013,2011,Travel
50792,2023-07-03,2716.84,1042,2063,Supplies
50672,2023-07-03,3904.03,1032,2081,Services
50046,2023-07-03,2903.79,1035,2074,Supplies
50544,2023-07-04,2430.04,1023,2049,Services
50543,2023-07-04,1967.66,1018,2033,Services
50413,2023-07-05,3865.29,1040,2092,Travel
50615,2023-07-05,2737.84,1002,2045,Supplies
50356,2023-07-05,1408.26,1015,2035,Travel
50350,2023-07-07,725.94,1037,2020,Travel
50481,2023-07-08,1892.55,1006,2082,Meals
50100,2023-07-08,64.43,1032,2087,Meals
50866,2023-07-09,1439.03,1023,2062,Meals
50519,2023-07-09,4287.04,1024,2058,Software
50248,2023-07-09,2196.68,1040,2065,Travel
50768,2023-07-09,538.64,1019,2099,Travel
50236,2023-07-10,919.26,1024,2010,Supplies
50559,2023-07-10,3448.68,1037,2001,Services
50306,2023-07-10,1508.5,1027,2002,Meals
50347,2023-07-10,3431.95,1038,2012,Services
50493,2023-07-11,1027.09,1025,2077,Travel
50853,2023-07-11,1684.82,1045,2076,Supplies
50172,2023-07-11,2026.31,1003,2063,Supplies
50187,2023-07-11,527.86,1031,2051,Travel
50200,2023-07-11,2817.41,1045,2071,Meals
50207,2023-07-11,2337.9,1017,2038,Software
50903,2023-07-11,1757.81,1023,2095,Supplies
50285,2023-07-13,342.77,1001,2008,Travel
50338,2023-07-14,3390.47,1024,2067,Supplies
50432,2023-07-15,2709.14,1021,2078,Meals
50467,2023-07-15,4404.51,1036,2094,Travel
50371,2023-07-15,927.31,1006,2081,Services
50596,2023-07-15,2568.14,1037,2068,Travel
50928,2023-07-16,3182.18,1047,2096,Services
50320,2023-07-16,1053.82,1020,2011,Supplies
50715,2023-07-16,1013.23,1040,2085,Supplies
50883,2023-07-17,1760.25,1035,2008,Meals
50861,2023-07-18,1474.96,1012,2042,Travel
50346,2023-07-18,533.67,1019,2067,Travel
50440,2023-07-19,2615.24,1020,2059,Travel
50344,2023-07-19,906.45,1031,2058,Supplies
50639,2023-07-19,3456.81,1012,2098,Supplies
50310,2023-07-19,2556.81,1036,2071,Software
50889,2023-07-19,655.55,1031,2008,Services
50750,2023-07-20,364.85,1041,2059,Supplies
50963,2023-07-20,3989.23,1012,2024,Supplies
50687,2023-07-21,3753.29,1029,2011,Supplies
50824,2023-07-21,2419.75,1020,2087,Travel
50048,2023-07-21,1651.57,1025,2012,Supplies
50007,2023-07-22,2496.16,1032,2021,Services
50001,2023-07-22,3087.87,1012,2036,Services
50039,2023-07-22,1683.54,1021,2066,Services
50746,2023-07-23,2387.26,1027,2006,Travel
50402,2023-07-23,750.66,1020,2015,Software
50899,2023-07-23,2296.38,1029,2030,Services
50382,2023-07-23,1800.31,1005,2004,Software
50556,2023-07-24,2005.26,1037,2034,Supplies
50349,2023-07-25,757.57,1034,2082,Travel
50997,2023-07-26,2076.51,1040,2036,Meals
50094,2023-07-26,508.29,1032,2026,Travel
50558,2023-07-26,3174.14,1043,2060,Meals
50333,2023-07-26,906.1,1044,2058,Services
50044,2023-07-26,1198.41,1044,2055,Travel
50121,2023-07-26,4177.67,1013,2037,Travel
50863,2023-07-26,2686.3,1017,2069,Services
50513,2023-07-27,1004.22,1037,2079,Services
50795,2023-07-27,1077.34,1007,2088,Services
50314,2023-07-27,4257.24,1004,2082,Services
50108,2023-07-28,4121.42,1009,2046,Meals
50860,2023-07-28,673.76,1028,2059,Services
50623,2023-07-28,762.36,1009,2090,Meals
50225,2023-07-28,4258.91,1047,2038,Software
50130,2023-07-28,2651.5,1031,2027,Services
50665,2023-07-29,4360.69,1048,2080,Supplies
50856,2023-07-29,2865.66,1019,2001,Services
50336,2023-07-29,3038.56,1040,2051,Services
50797,2023-07-30,3093.57,1040,2052,Software
50076,2023-07-30,1667.11,1027,2059,Software
50976,2023-07-30,609.64,1007,2010,Services
50652,2023-07-30,2507.32,1018,2015,Meals
50725,2023-07-30,4358.69,1043,2064,Software
50265,2023-08-01,1801.9,1031,2045,Meals
50785,2023-08-02,1276.04,1017,2042,Travel
50714,2023-08-03,4358.43,1048,2092,Travel
50753,2023-08-03,3209.77,1038,2035,Software
50097,2023-08-03,3338.15,1010,2047,Travel
50466,2023-08-04,3420.93,1046,2058,Travel
50057,2023-08-04,609.72,1005,2072,Meals
50078,2023-08-06,1814.36,1048,2085,Meals
50515,2023-08-06,1636.58,1014,2072,Services
50389,2023-08-06,1399.86,1013,2052,Travel
50226,2023-08-07,391.38,1045,2083,Meals
50627,2023-08-07,1436.28,1016,2076,Services
50418,2023-08-07,197.53,1030,2011,Software
50588,2023-08-07,2295.53,1004,2034,Meals
50828,2023-08-08,3027.16,1020,2053,Services
50385,2023-08-09,3376.71,1047,2089,Supplies
50118,2023-08-09,767.99,1039,2025,Supplies
50808,2023-08-10,1441.07,1019,2056,Supplies
50542,2023-08-10,4282.55,1046,2033,Software
50649,2023-08-10,2276.25,1024,2043,Services
50572,2023-08-11,2920.6,1006,2073,Services
50886,2023-08-12,2184.18,1026,2092,Supplies
50953,2023-08-13,2602.17,1010,2014,Supplies
50292,2023-08-13,1952.33,1044,2090,Travel
50295,2023-08-14,4228.84,1023,2049,Meals
50721,2023-08-14,74.07,1026,2048,Travel
50175,2023-08-15,502.78,1014,2011,Travel
50274,2023-08-15,3984.09,1000,2005,Supplies
50154,2023-08-15,3379.38,1035,2075,Supplies
50600,2023-08-15,2610.77,1015,2043,Services
50052,2023-08-16,3079.14,1005,2091,Travel
50219,2023-08-17,1724.49,1019,2095,Travel
50554,2023-08-17,1344.7,1035,2099,Supplies
50964,2023-08-17,3937.02,1046,2065,Supplies
50074,2023-08-17,784.14,1023,2053,Software
50177,2023-08-18,3619.5,1036,2033,Meals
50380,2023-08-18,3513.1,1019,2037,Services
50012,2023-08-18,1926.22,1029,2015,Software
50056,2023-08-18,1046.81,1013,2085,Software
50456,2023-08-19,808.26,1026,2088,Services
50355,2023-08-20,1847.36,1000,2081,Meals
50377,2023-08-21,2330.16,1039,2021,Meals
50669,2023-08-22,397.99,1034,2008,Meals
50935,2023-08-22,1631.47,1008,2049,Travel
50064,2023-08-22,324.49,1049,2036,Services
50555,2023-08-22,3628.96,1010,2090,Services
50657,2023-08-22,185.46,1043,2013,Services
50949,2023-08-22,2228.65,1011,2029,Supplies
50134,2023-08-23,4005.15,1013,2094,Travel
50049,2023-08-23,3503.42,1041,2028,Services
50137,2023-08-23,303.51,1041,2061,Supplies
50209,2023-08-23,1427.8,1018,2046,Meals
50644,2023-08-23,1761.71,1019,2048,Supplies
50420,2023-08-24,1178.97,1002,2015,Software
50882,2023-08-24,2504.49,1016,2008,Supplies
50229,2023-08-24,1822.8,1044,2016,Meals
50442,2023-08-25,2915.24,1012,2093,Supplies
50107,2023-08-26,253.81,1034,2004,Meals
50917,2023-08-26,441.99,1046,2063,Travel
50106,2023-08-26,3750.05,1034,2086,Software
50105,2023-08-26,426.75,1034,2098,Meals
50208,2023-08-26,4124.25,1041,2042,Meals
50459,2023-08-27,3976.02,1002,2055,Software
50328,2023-08-27,1287.66,1016,2067,Travel
50927,2023-08-27,63.36,1021,2071,Travel
50117,2023-08-28,2532.83,1023,2030,Services
50659,2023-08-28,2808.71,1046,2033,Software
50512,2023-08-28,4197.88,1032,2043,Meals
50312,2023-08-29,1197.49,1006,2053,Meals
50658,2023-08-30,3747.95,1013,2019,Travel
50681,2023-08-30,2714.65,1003,2076,Services
50031,2023-08-30,721.37,1045,2038,Meals
50261,2023-08-30,550.43,1012,2083,Services
50528,2023-08-31,2091.54,1022,2088,Supplies
50280,2023-09-01,1065.62,1008,2022,Services
50404,2023-09-02,1019.4,1002,2096,Travel
50800,2023-09-02,1449.06,1034,2040,Travel
50388,2023-09-02,3914.8,1005,2047,Services
50960,2023-09-03,2007.14,1018,2010,Meals
50710,2023-09-03,2764.22,1004,2095,Services
50166,2023-09-03,1414.74,1022,2034,Travel
50934,2023-09-04,3110.66,1004,2008,Services
50635,2023-09-04,3919.18,1046,2030,Supplies
50153,2023-09-05,1962.56,1036,2078,Meals
50016,2023-09-05,1729.36,1014,2065,Services
50909,2023-09-05,3488.75,1012,2034,Services
50712,2023-09-05,2607.75,1014,2002,Meals
50737,2023-09-06,1714.76,1015,2003,Services
50096,2023-09-07,2262.35,1023,2093,Supplies
50455,2023-09-07,1775.07,1030,2016,Services
50891,2023-09-07,4252.51,1024,2058,Services
50276,2023-09-08,1241.37,1033,2022,Supplies
50447,2023-09-08,2354.91,1030,2033,Services
50178,2023-09-08,3917.55,1042,2043,Travel
50110,2023-09-08,1223.88,1021,2024,Travel
50919,2023-09-09,1729.49,1034,2048,Supplies
50773,2023-09-09,4251.02,1046,2005,Meals
50244,2023-09-10,2645.27,1030,2069,Software
50315,2023-09-10,998.25,1013,2081,Services
50783,2023-09-12,1834.18,1002,2042,Meals
50024,2023-09-13,3397.11,1034,2013,Services
50948,2023-09-14,1509.18,1027,2024,Services
50242,2023-09-14,2296.17,1021,2087,Software
50424,2023-09-15,807.5,1035,2060,Meals
50143,2023-09-15,720.83,1020,2054,Supplies
50474,2023-09-15,1903.86,1012,2079,Software
50897,2023-09-16,1680.86,1015,2064,Travel
50670,2023-09-16,3443.3,1045,2065,Software
50503,2023-09-17,3167.58,1027,2053,Services
50510,2023-09-17,2824.02,1008,2056,Software
50571,2023-09-18,243.61,1019,2033,Software
50569,2023-09-18,1538.89,1024,2099,Software
50162,2023-09-18,1823.08,1027,2091,Travel
50748,2023-09-19,1252.14,1020,2008,Travel
50774,2023-09-20,987.52,1010,2024,Supplies
50908,2023-09-20,1439.3,1017,2063,Travel
50618,2023-09-20,3186.91,1026,2094,Meals
50362,2023-09-20,2867.9,1012,2043,Supplies
50263,2023-09-21,3902.57,1012,2026,Software
50686,2023-09-21,3837.42,1002,2065,Meals
50983,2023-09-22,4067.77,1013,2068,Software
50601,2023-09-22,1041.97,1031,2005,Meals
50689,2023-09-22,3636.51,1025,2044,Software
50645,2023-09-22,1919.57,1010,2037,Travel
50494,2023-09-23,978.93,1046,2064,Services
50929,2023-09-23,72.25,1015,2019,Software
50273,2023-09-23,1349.16,1025,2057,Supplies
50342,2023-09-23,825.13,1016,2002,Travel
50354,2023-09-24,1540.18,1020,2089,Meals
50806,2023-09-24,3288.76,1001,2004,Services
50581,2023-09-24,2730.92,1009,2056,Meals
50739,2023-09-24,3275.14,1023,2064,Software
50801,2023-09-24,2716.5,1010,2004,Software
50999,2023-09-25,156.16,1021,2022,Software
50830,2023-09-25,971.95,1034,2021,Meals
50190,2023-09-26,4065.25,1027,2086,Supplies
50972,2023-09-26,182.48,1010,2057,Supplies
50019,2023-09-26,1006.65,1003,2077,Travel
50832,2023-09-26,2057.12,1011,2037,Meals
50077,2023-09-26,1649.05,1022,2013,Software
50987,2023-09-26,3802.13,1007,2062,Services
50070,2023-09-26,2614.28,1037,2057,Supplies
50051,2023-09-27,3845.18,1001,2035,Meals
50951,2023-09-27,653.1,1023,2070,Services
50034,2023-09-27,347.7,1043,2002,Supplies
50701,2023-09-27,4351.29,1030,2006,Meals
50216,2023-09-27,2971.66,1013,2033,Supplies
50843,2023-09-28,3780.18,1000,2034,Meals
50193,2023-09-28,3110.46,1032,2001,Supplies
50582,2023-09-28,2207.15,1013,2091,Meals
50756,2023-09-28,3803.4,1047,2055,Meals
50796,2023-09-28,2672.28,1002,2093,Travel
50293,2023-09-28,2864.17,1042,2088,Supplies
50008,2023-09-28,518.8,1002,2075,Supplies
50212,2023-09-29,4483.93,1036,2088,Travel
50741,2023-09-29,975.53,1016,2079,Meals
50139,2023-09-30,1091.94,1032,2012,Travel
50540,2023-09-30,1236.48,1019,2068,Meals
50859,2023-10-01,572.95,1011,2035,Services
50366,2023-10-02,2194.41,1004,2008,Meals
50548,2023-10-02,872.96,1035,2008,Supplies
50518,2023-10-03,270.29,1047,2065,Software
50825,2023-10-03,1105.64,1006,2034,Services
50629,2023-10-04,1169.1,1025,2007,Meals
50339,2023-10-04,3009.94,1017,2067,Services
50829,2023-10-04,3244.35,1018,2010,Travel
50035,2023-10-06,3234.72,1004,2093,Services
50367,2023-10-06,517.81,1018,2006,Supplies
50157,2023-10-06,288.84,1002,2007,Software
50878,2023-10-06,1069.34,1005,2012,Services
50111,2023-10-06,874.31,1028,2013,Supplies
50547,2023-10-06,2891.52,1044,2055,Supplies
50945,2023-10-07,2882.56,1036,2045,Travel
50831,2023-10-07,3195.03,1023,2019,Services
50509,2023-10-07,397.49,1017,2020,Travel
50131,2023-10-08,3501.35,1029,2093,Supplies
50133,2023-10-08,1428.65,1021,2072,Software
50408,2023-10-08,1326.49,1019,2033,Services
50343,2023-10-08,631.55,1048,2006,Services
50490,2023-10-08,196.8,1030,2021,Software
50598,2023-10-08,2162.32,1009,2009,Services
50486,2023-10-10,614.48,1040,2036,Services
50125,2023-10-11,533.74,1029,2039,Services
50086,2023-10-11,3794.38,1032,2082,Meals
50394,2023-10-11,4069.9,1003,2090,Services
50730,2023-10-11,3033.08,1007,2094,Software
50496,2023-10-12,4280.14,1022,2077,Services
50952,2023-10-12,851.99,1033,2022,Travel
50319,2023-10-12,694.15,1019,2098,Meals
50210,2023-10-13,3790.06,1025,2068,Meals
50191,2023-10-13,1169.24,1007,2041,Supplies
50304,2023-10-13,3259.85,1007,2011,Supplies
50790,2023-10-13,4352.39,1002,2069,Travel
50648,2023-10-14,350.62,1005,2077,Services
50688,2023-10-14,2244.47,1043,2089,Meals
50330,2023-10-14,2160.38,1010,2076,Supplies
50410,2023-10-14,3362.68,1026,2054,Meals
50538,2023-10-14,1491.49,1034,2099,Travel
50013,2023-10-14,499.3,1035,2052,Software
50720,2023-10-15,3110.4,1009,2014,Software
50128,2023-10-16,672.6,1044,2044,Supplies
50211,2023-10-16,1973.2,1034,2019,Travel
50633,2023-10-16,4331.83,1015,2075,Meals
50609,2023-10-17,2775.68,1012,2079,Meals
50699,2023-10-17,2795.18,1047,2040,Supplies
50253,2023-10-17,775.41,1000,2010,Meals
50583,2023-10-18,1670.75,1027,2003,Travel
50181,2023-10-18,1642.69,1045,2065,Meals
50767,2023-10-18,286.42,1007,2092,Supplies
50417,2023-10-18,2945.07,1023,2099,Supplies
50465,2023-10-18,1527.87,1046,2047,Software
50431,2023-10-19,3713.29,1031,2010,Software
50573,2023-10-19,3979.91,1035,2054,Travel
50564,2023-10-19,3346.9,1047,2091,Software
50523,2023-10-19,3434.11,1011,2095,Meals
50875,2023-10-20,2352.32,1003,2019,Supplies
50959,2023-10-20,2299.13,1022,2065,Software
50794,2023-10-20,2889.67,1039,2057,Meals
50033,2023-10-21,4035.12,1013,2060,Supplies
50614,2023-10-21,2501.12,1032,2077,Supplies
50526,2023-10-21,993.95,1024,2038,Travel
50136,2023-10-22,2550.77,1023,2033,Meals
50813,2023-10-22,2841.38,1039,2088,Software
50426,2023-10-23,3610.23,1014,2034,Software
50851,2023-10-23,1375.02,1026,2084,Travel
50802,2023-10-23,3023.75,1023,2057,Software
50026,2023-10-23,2790.64,1014,2001,Travel
50811,2023-10-23,3155.15,1001,2087,Software
50491,2023-10-24,2171.02,1014,2073,Meals
50568,2023-10-24,1214.03,1043,2025,Supplies
50563,2023-10-24,3313.07,1009,2016,Services
50906,2023-10-25,3602.27,1003,2095,Meals
50991,2023-10-26,4157.08,1049,2026,Software
50449,2023-10-26,1654.4,1011,2074,Software
50638,2023-10-27,1111.56,1038,2087,Travel
50630,2023-10-28,980.09,1001,2000,Travel
50956,2023-10-28,2451.36,1006,2075,Software
50722,2023-10-29,1760.19,1008,2074,Software
50567,2023-10-30,1836.56,1033,2044,Travel
50332,2023-10-31,3127.22,1033,2049,Software
50262,2023-10-31,2595.19,1031,2046,Supplies
50560,2023-10-31,2225.05,1033,2072,Travel
50436,2023-11-01,4022.83,1031,2013,Travel
50674,2023-11-01,2804.4,1000,2002,Meals
50232,2023-11-01,3851.63,1047,2022,Services
50954,2023-11-01,2663.65,1004,2078,Meals
50580,2023-11-01,595.67,1038,2008,Supplies
50624,2023-11-02,3159.93,1016,2073,Travel
50852,2023-11-03,269.67,1037,2016,Supplies
50718,2023-11-03,1362.07,1011,2006,Travel
50810,2023-11-03,828.59,1045,2013,Meals
50777,2023-11-04,2226.26,1047,2078,Software
50271,2023-11-05,1201.86,1023,2084,Software
50970,2023-11-06,305.63,1011,2039,Travel
50763,2023-11-06,650.88,1011,2056,Software
50260,2023-11-06,141.07,1017,2075,Meals
50695,2023-11-07,827.0,1005,2083,Software
50279,2023-11-07,3326.27,1009,2071,Services
50206,2023-11-08,1036.49,1033,2030,Meals
50324,2023-11-08,1113.26,1027,2049,Supplies
50690,2023-11-08,2385.36,1042,2032,Supplies
50487,2023-11-08,2057.18,1019,2093,Travel
50266,2023-11-09,1313.38,1010,2039,Supplies
50495,2023-11-09,4393.05,1046,2012,Travel
50958,2023-11-09,3196.76,1012,2064,Supplies
50667,2023-11-10,2061.28,1006,2005,Supplies
50892,2023-11-10,2990.93,1004,2017,Supplies
50284,2023-11-11,2614.37,1012,2049,Software
50275,2023-11-11,1072.76,1027,2078,Travel
50632,2023-11-11,4399.18,1018,2044,Software
50998,2023-11-12,2023.84,1002,2027,Meals
50081,2023-11-12,3917.87,1001,2013,Travel
50223,2023-11-12,3254.08,1025,2076,Travel
50092,2023-11-13,821.93,1021,2036,Software
50182,2023-11-13,2684.43,1043,2095,Software
50641,2023-11-13,644.64,1009,2054,Software
50352,2023-11-13,3285.88,1006,2033,Travel
50224,2023-11-14,3704.93,1046,2033,Services
50192,2023-11-15,3493.98,1002,2051,Travel
50842,2023-11-15,2275.78,1048,2021,Services
50221,2023-11-15,58.43,1039,2062,Travel
50514,2023-11-16,4310.22,1021,2006,Services
50398,2023-11-17,2284.61,1043,2043,Software
50814,2023-11-17,3240.61,1010,2050,Meals
50144,2023-11-17,1207.75,1033,2036,Services
50769,2023-11-18,1752.67,1008,2070,Meals
50693,2023-11-19,2009.22,1034,2075,Meals
50869,2023-11-19,4121.15,1011,2055,Services
50391,2023-11-19,2770.85,1004,2018,Services
50873,2023-11-19,1666.1,1005,2067,Services
50931,2023-11-20,2740.84,1007,2044,Travel
50815,2023-11-20,3285.48,1019,2044,Travel
50461,2023-11-21,1470.7,1019,2094,Software
50529,2023-11-22,377.32,1014,2010,Services
50704,2023-11-22,3970.2,1039,2014,Services
50871,2023-11-22,1252.81,1041,2070,Travel
50472,2023-11-22,636.77,1020,2066,Meals
50009,2023-11-23,4148.52,1002,2050,Software
50476,2023-11-23,3351.11,1033,2040,Travel
50288,2023-11-24,838.73,1001,2047,Software
50692,2023-11-24,499.22,1019,2022,Services
50198,2023-11-24,3509.82,1039,2097,Supplies
50337,2023-11-24,544.12,1040,2025,Services
50411,2023-11-25,3635.53,1039,2026,Supplies
50489,2023-11-26,3982.72,1036,2073,Services
50536,2023-11-26,1412.86,1006,2031,Travel
50501,2023-11-27,2570.69,1027,2092,Meals
50520,2023-11-27,3038.45,1037,2062,Meals
50562,2023-11-27,2071.94,1035,2081,Travel
50793,2023-11-28,3611.45,1047,2089,Supplies
50551,2023-11-28,4391.44,1041,2029,Supplies
50227,2023-11-28,2406.8,1031,2047,Supplies
50146,2023-11-29,631.27,1005,2075,Services
50249,2023-11-29,887.19,1036,2058,Supplies
50969,2023-11-30,3290.42,1040,2089,Services
50745,2023-12-01,340.54,1028,2048,Services
50781,2023-12-01,1604.19,1016,2095,Travel
50202,2023-12-01,3069.63,1032,2099,Services
50511,2023-12-02,154.88,1022,2038,Services
50433,2023-12-02,3815.14,1030,2087,Meals
50607,2023-12-02,2644.75,1014,2080,Software
50833,2023-12-02,3815.7,1025,2013,Travel
50841,2023-12-03,394.65,1004,2094,Meals
50002,2023-12-03,3176.56,1017,2086,Travel
50708,2023-12-04,815.23,1039,2075,Software
50590,2023-12-04,1631.21,1000,2093,Software
50255,2023-12-04,3717.14,1039,2086,Supplies
50938,2023-12-05,3352.24,1039,2002,Travel
50079,2023-12-07,4452.58,1012,2062,Supplies
50784,2023-12-07,2421.4,1008,2023,Services
50636,2023-12-08,2177.37,1030,2059,Travel
50791,2023-12-08,568.54,1048,2045,Travel
50254,2023-12-08,4366.64,1046,2038,Meals
50011,2023-12-09,3767.82,1049,2029,Software
50439,2023-12-09,3628.04,1006,2030,Software
50605,2023-12-09,3236.0,1049,2028,Meals
50779,2023-12-09,969.19,1027,2057,Software
50666,2023-12-09,2564.71,1045,2045,Supplies
50173,2023-12-10,3245.9,1030,2098,Software
50771,2023-12-11,2760.74,1007,2065,Services
50575,2023-12-11,1648.81,1035,2067,Meals
50805,2023-12-12,122.71,1039,2091,Services
50313,2023-12-12,2888.06,1006,2064,Travel
50406,2023-12-12,2363.17,1048,2084,Travel
50764,2023-12-12,1616.3,1016,2035,Travel
50819,2023-12-12,1481.76,1015,2034,Meals
50126,2023-12-12,1212.23,1041,2070,Meals
50164,2023-12-13,2316.27,1043,2063,Services
50726,2023-12-13,1782.73,1003,2032,Software
50220,2023-12-13,1890.04,1040,2095,Services
50900,2023-12-13,1234.8,1009,2055,Services
50214,2023-12-14,2368.28,1041,2001,Services
50368,2023-12-14,1672.82,1006,2080,Travel
50651,2023-12-14,1143.97,1022,2082,Services
50061,2023-12-15,3151.5,1037,2092,Supplies
50798,2023-12-15,3088.72,1033,2044,Supplies
50826,2023-12-15,2378.0,1040,2036,Meals
50834,2023-12-15,290.17,1049,2095,Services
50258,2023-12-16,3085.2,1006,2041,Meals
50291,2023-12-16,851.69,1047,2086,Services
50527,2023-12-17,2020.71,1040,2049,Services
50803,2023-12-17,1950.1,1042,2014,Travel
50462,2023-12-17,507.29,1012,2088,Meals
50857,2023-12-17,744.18,1025,2069,Supplies
50197,2023-12-17,233.22,1038,2024,Services
50732,2023-12-17,2758.81,1009,2022,Supplies
50235,2023-12-18,493.34,1004,2047,Services
50375,2023-12-18,190.09,1031,2006,Software
50989,2023-12-19,616.81,1037,2004,Supplies
50817,2023-12-19,2665.61,1010,2034,Services
50682,2023-12-19,3318.82,1030,2091,Meals
50203,2023-12-20,3599.54,1012,2047,Services
50138,2023-12-20,170.7,1021,2008,Services
50289,2023-12-20,4365.84,1041,2038,Services
50823,2023-12-21,2394.71,1041,2087,Software
50321,2023-12-21,3686.36,1012,2053,Services
50199,2023-12-22,956.63,1039,2065,Meals
50877,2023-12-22,194.83,1009,2060,Travel
50950,2023-12-22,3561.43,1022,2078,Meals
50557,2023-12-23,3511.01,1040,2052,Software
50988,2023-12-23,4491.43,1036,2085,Travel
50743,2023-12-24,3585.06,1030,2069,Software
50668,2023-12-25,1487.56,1028,2085,Supplies
50992,2023-12-25,1784.33,1039,2021,Supplies
50663,2023-12-25,3060.21,1036,2087,Services
50678,2023-12-25,1482.27,1000,2084,Services
50374,2023-12-25,3045.34,1046,2077,Services
50930,2023-12-25,4228.5,1045,2089,Software
50656,2023-12-25,4354.27,1038,2074,Meals
50642,2023-12-26,880.3,1004,2073,Software
50865,2023-12-26,2728.2,1044,2014,Software
50788,2023-12-26,1093.07,1040,2023,Software
50400,2023-12-26,1608.59,1012,2029,Services
50488,2023-12-28,4151.1,1002,2076,Services
50887,2023-12-28,3729.9,1018,2037,Supplies
50533,2023-12-28,1781.98,1029,2067,Supplies
50299,2023-12-29,3304.58,1019,2018,Travel
50180,2023-12-30,2295.14,1018,2000,Meals
50124,2023-12-30,2919.28,1040,2044,Travel
50103,2023-12-31,3534.03,1033,2029,Software
