Vendor_ID,Vendor_Name,Vendor_Address,Tax_ID
2000,"King, Jones and Dougherty","42203 Amy Path, West Johnberg, ND 93713",73-6439596
2001,Mata Ltd,"85969 Amanda Drives Apt. 749, North Rachel, IL 61624",44-3575294
2002,Brown LLC,"PSC 8735, Box 0598, APO AP 53357",33-4352058
2003,Lee LLC,"9410 Blair Terrace, New Elizabeth, LA 11296",81-0120649
2004,"Garcia, Robles and Mitchell","256 Jennifer Expressway, Paulburgh, TN 06283",57-9170785
2005,Jackson-Austin,"1520 Eric Flats, North Jessica, MH 26567",60-8729762
2006,Barnett-Chavez,"4505 Doyle Glen Apt. 833, Shannonland, PW 39773",22-1340817
2007,"Hobbs, Williams and Hunt","300 Anthony Tunnel, New Timothyfurt, ND 14279",27-6118288
2008,"Miller, Mack and Watts","63754 Daniel Vista, Gloriamouth, PA 22198",02-5172732
2009,Hunt-Wallace,"27454 Jeffery Locks, Jensenport, ND 82355",27-5566979
2010,Ochoa Ltd,"01264 Oneill Key, Turnerville, MI 76713",84-0516118
2011,Hernandez-Gomez,"189 Edwards Road Apt. 221, West Vickie, IL 82481",76-0565021
2012,Walker Ltd,"9516 Melanie Dale Suite 907, East Brett, ID 69269",80-1108800
2013,Brown Inc,"2287 Laurie Avenue Suite 359, North Mariafurt, AL 87186",71-5034706
2014,"Logan, Bradley and Rodriguez","574 Hart Isle Suite 302, Marvinhaven, TN 51787",76-2855895
2015,Perry and Sons,"945 Thomas Mountains Suite 203, Port James, PR 75150",21-9459272
2016,Harper-Sanders,"2602 Schmidt Land, Port Curtistown, ID 07786",74-9679342
2017,"Brock, Vargas and Price","46731 Michael Mount, Andrewbury, AK 42223",23-8215875
2018,"Larson, Mitchell and Swanson","135 Contreras Well Suite 303, Port Courtney, MA 23471",35-0880388
2019,Hughes-Campbell,"74355 Khan View Apt. 395, Maryville, CT 57298",51-3267663
2020,"Hicks, Russell and Kelly","160 Daniel Motorway Suite 593, Port Mark, PR 45282",98-2212217
2021,Cole-Tyler,"90000 Bell Haven Suite 394, Lake Ginastad, MT 12092",67-0690440
2022,Davis Group,"5546 Whitney Crossroad Suite 975, Lake Sandraport, SD 39784",84-0553453
2023,Fernandez Group,"55318 John Inlet, New Stephanieview, PW 23645",60-9825868
2024,Anderson-Hudson,"29590 Boyle Points Apt. 885, North Nancy, MA 36595",23-3194344
2025,"Carey, Torres and Martinez","181 Mackenzie Parkways, Port Martinton, MS 53531",36-4235801
2026,"Bernard, Peterson and Kelly","825 Gomez Causeway Suite 951, Brooksfurt, WI 77429",50-6914772
2027,"Hodges, Stevens and Ray","93174 Wells Trace, Lake Charles, MN 40537",91-5886377
2028,"Thornton, Carter and Mcgee","1214 Mercado Row, Maryland, KS 89257",65-9381274
2029,Young-Johnson,"641 Johnathan Meadows Suite 624, Amandastad, ID 28435",61-0700596
2030,Gomez PLC,"243 Melissa Street, East Carrie, CT 85247",93-3756154
2031,Romero PLC,"4272 Ross Groves, Lake Kimberly, WY 78760",61-6378529
2032,Gallagher-Solis,"79701 Howard Port, East Marcfort, PW 11913",42-1915164
2033,Garza-Sims,"579 Adam Landing, West Christineville, MN 75056",53-0428171
2034,Riley Group,"1494 Porter Views, Danielhaven, DC 99204",21-5457713
2035,Wheeler-Hale,"8737 Page Stream, North Elizabeth, CA 82526",71-1502420
2036,Mclaughlin Inc,"768 Ross Falls, Lake Michael, OK 46923",71-9164819
2037,Sullivan-Carter,"4726 Chad Light, Port Nancymouth, HI 20132",84-7963803
2038,Campbell-Torres,"306 Lisa Passage Apt. 451, East Molly, VA 76701",71-4483726
2039,"Williams, Aguilar and Warren","973 Scott Valley, Joelstad, KY 43393",53-7414434
2040,"Pierce, Robinson and Munoz","8198 Goodman Squares, Scotthaven, TN 19541",53-8463355
2041,Lane LLC,"07991 Amber Expressway Apt. 800, Collinsstad, DC 89717",45-5412811
2042,"King, Hughes and Willis","8989 Campbell Flats, Timothyshire, DC 87804",73-4763101
2043,Bowen Group,"167 Rebecca Road, Stevenberg, HI 76987",32-0796045
2044,"Chaney, Flores and Williams","614 Michael Streets, Lake Richardside, CA 49620",65-8393311
2045,Parker Group,"6826 Jennifer Drives, Robinton, AZ 71490",11-6980345
2046,"Coffey, Ross and Johnson","Unit 5717 Box 9802, DPO AP 26669",37-2921268
2047,Wilson-Martin,"37623 Nicole Ridge Suite 925, South Christian, MO 66629",84-5361831
2048,Roman Ltd,"4488 Crawford Throughway Suite 527, West Duane, AL 78606",51-6397541
2049,Nguyen-Long,"9596 Pamela Courts Apt. 382, Thomashaven, PR 25929",67-6601376
2050,Murillo Group,"983 Maria Track Apt. 147, Mejiatown, TX 99943",01-2929417
2051,"Thompson, Curry and Oneill","Unit 2316 Box 3994, DPO AE 15152",92-0326217
2052,"Levy, Owens and Greer","08044 Keith Loaf, North Robin, TN 23040",90-9882026
2053,Meyer-Rodgers,"3889 Andrews Union Suite 550, Donaldsontown, GU 50691",36-8812615
2054,Brown LLC,"94144 Smith Courts, Houstonberg, NC 14515",02-0832010
2055,Boyd Group,"Unit 9659 Box 0767, DPO AE 92178",02-2793018
2056,Lopez PLC,"793 Matthew Unions Apt. 581, Simonfort, MH 35152",24-8761545
2057,Taylor LLC,"36878 Cardenas Street Apt. 375, Haleburgh, OR 04364",88-8181377
2058,"Brown, Klein and Sanders","84157 Myers Station, North Terri, WA 15013",43-3591094
2059,Barnes-Miller,"3258 Price Meadows, West Rebeccamouth, AL 94613",51-0527290
2060,Rogers-Glover,"928 Armstrong Center Apt. 864, Susanton, MO 30175",57-1842247
2061,Johnson-Reyes,"914 Crystal Fords Suite 683, Dylanhaven, MS 03444",64-3630200
2062,"Burns, Hoffman and Thompson","9174 Martin Alley, Jonathanfurt, NM 53052",45-7498010
2063,"Patel, Adams and Hill","415 Matthew Glen Apt. 850, New Tammyton, MI 79051",23-2370766
2064,"Little, Myers and Sullivan","906 Matthew Ramp Suite 752, New Carolhaven, GU 76208",50-9733522
2065,"Simmons, Smith and Russell","8850 Reynolds Islands, North Brian, MS 79044",31-3850735
2066,Ray-Santiago,"65988 Welch Valleys Apt. 486, Joelberg, FL 88843",51-1085504
2067,Wilson-Sanders,"97308 Silva Tunnel, Patelland, ND 31594",12-4497418
2068,"Mills, Beck and Powers","PSC 3696, Box 5586, APO AE 69021",35-4616132
2069,Ho-Mann,"72000 Garcia Mountains Suite 344, Stonetown, MN 34788",31-1020318
2070,"Nelson, Smith and Golden","9814 Robert Groves, East Johnmouth, MI 38711",48-7219622
2071,Hancock Group,"Unit 4711 Box 4944, DPO AP 20470",87-4995526
2072,Smith-Williams,"0200 Chris Hill Suite 452, Lake Michelleberg, PR 01384",71-8108766
2073,"Wilson, Solis and Russell","1349 Vargas Islands Suite 069, Larryfurt, IA 45177",47-0415093
2074,Duncan Ltd,"PSC 4254, Box 1412, APO AP 24976",95-6092957
2075,Bullock-Foster,"07700 Eric Islands Suite 812, Keithland, NH 72796",37-2433780
2076,Cruz-Vasquez,"27673 Glenn Gardens, Paulstad, CO 89213",72-8185533
2077,"Castaneda, Velasquez and Guerrero","USS Nichols, FPO AE 03449",02-8751921
2078,"Burns, Martinez and Fitzpatrick","8591 Martin Mews Suite 824, Darleneview, PW 38688",73-1355863
2079,"Gonzalez, Howard and Ramirez","49356 Miller Union, New Larry, AL 63821",12-6078939
2080,Hahn and Sons,"27155 Charles Valley, Kellyside, CT 31934",71-1477872
2081,Wright Ltd,"2363 Michael Mews Suite 085, New Davidview, CT 52565",33-1835764
2082,"Hutchinson, Bruce and Martin","1694 Edward Squares, New Valerieland, MI 96897",80-5846843
2083,Buchanan-Knight,"5912 Patrick Valleys Suite 204, Coreymouth, PW 13157",26-2136613
2084,Rasmussen-Hernandez,"94613 Charles Wall, Keithport, NY 43480",71-6259953
2085,Burns-Allen,"275 Frances Shoal Apt. 795, Lake Caitlin, FM 60724",16-5357066
2086,"Fernandez, Hoffman and Parker","829 Gonzales Meadows Apt. 650, Peterport, HI 58928",24-2630039
2087,Jimenez PLC,"1545 Jacobs View Apt. 288, New Jimmyhaven, MD 72708",36-2022071
2088,"Alvarez, Osborne and Greene","1821 Anderson Haven Apt. 351, Jasonton, AR 97746",98-3006679
2089,"Leach, Jacobs and Pena","84218 Danielle Underpass Apt. 222, New Sandra, OH 92273",59-1825220
2090,Davis Ltd,"53512 Sanchez Lodge, Thorntonmouth, KY 57110",80-0400240
2091,"Krause, Flynn and Foster","USNS Williamson, FPO AE 45018",23-5439044
2092,Cox and Sons,"5719 Brown Causeway Suite 900, North Michellestad, NY 17487",40-5941812
2093,Fisher Inc,"006 Austin Road, East Stevenhaven, MA 52384",86-0334282
2094,Rivera PLC,"2364 Montoya Spurs, Josephshire, MS 22913",83-7846501
2095,"Holmes, Harrison and Brooks","18293 Autumn Extension, Garzaton, AZ 05000",05-0101335
2096,Cobb Group,"525 Dennis Springs, East Colleenborough, MP 29919",05-3792591
2097,"Stone, Johnson and Rodriguez","69365 Anderson Track, Matthewmouth, KY 54932",32-6072384
2098,Ferrell PLC,"52650 Moore Mountain, East Michael, NJ 27268",99-3212044
2099,"Cardenas, Martin and Richard","64483 Cook Spurs Suite 549, Karenmouth, VA 26266",14-5919323
2099,Shell Corp Services,"33581 Goodwin Islands, Lake Jeffreyshire, RI 15330",95-6688795
